Complex ID,grouping,wiki
1,Astoria--Ditmars Boulevard (BMT Astoria Line),https://en.wikipedia.org/wiki/Astoria%E2%80%93Ditmars_Boulevard_(BMT_Astoria_Line)
2,Astoria Boulevard--Hoyt Avenue (BMT Astoria Line),https://en.wikipedia.org/wiki/Astoria_Boulevard_(BMT_Astoria_Line)
3,30th Avenue--Grand Avenue (BMT Astoria Line),https://en.wikipedia.org/wiki/30th_Avenue_(BMT_Astoria_Line)
4,Broadway (BMT Astoria Line),https://en.wikipedia.org/wiki/Broadway_(BMT_Astoria_Line)
5,36th Avenue--Washington Avenue (BMT Astoria Line),https://en.wikipedia.org/wiki/36th_Avenue_(BMT_Astoria_Line)
6,39th Avenue--Beebe Avenue (BMT Astoria Line),https://en.wikipedia.org/wiki/39th_Avenue_(BMT_Astoria_Line)
8,Fifth Avenue--59th Street (BMT Broadway Line),https://en.wikipedia.org/wiki/Fifth_Avenue%E2%80%9359th_Street_(BMT_Broadway_Line)
9,57th Street--Seventh Avenue (BMT Broadway Line),https://en.wikipedia.org/wiki/57th_Street%E2%80%93Seventh_Avenue_(BMT_Broadway_Line)
10,49th Street (BMT Broadway Line),https://en.wikipedia.org/wiki/49th_Street_(BMT_Broadway_Line)
13,28th Street (BMT Broadway Line),https://en.wikipedia.org/wiki/28th_Street_(BMT_Broadway_Line)
14,23rd Street (BMT Broadway Line),https://en.wikipedia.org/wiki/23rd_Street_(BMT_Broadway_Line)
16,8th Street--New York University ,https://en.wikipedia.org/wiki/Eighth_Street%E2%80%93New_York_University_(BMT_Broadway_Line)
17,Prince Street (BMT Broadway Line),https://en.wikipedia.org/wiki/Prince_Street_(BMT_Broadway_Line)
20,City Hall (BMT Broadway Line),https://en.wikipedia.org/wiki/City_Hall_(BMT_Broadway_Line)
21,Cortlandt Street (BMT Broadway Line),https://en.wikipedia.org/wiki/Cortlandt_Street_(BMT_Broadway_Line)
22,Rector Street (BMT Broadway Line),https://en.wikipedia.org/wiki/Rector_Street_(BMT_Broadway_Line)
26,DeKalb Avenue (BMT Fourth Avenue Line),https://en.wikipedia.org/wiki/DeKalb_Avenue_(BMT_Fourth_Avenue_Line)
28,Union Street (BMT Fourth Avenue Line),https://en.wikipedia.org/wiki/Union_Street_(BMT_Fourth_Avenue_Line)
30,Prospect Avenue (BMT Fourth Avenue Line),https://en.wikipedia.org/wiki/Prospect_Avenue_(BMT_Fourth_Avenue_Line)
31,25th Street (BMT Fourth Avenue Line),https://en.wikipedia.org/wiki/25th_Street_(BMT_Fourth_Avenue_Line)
32,36th Street (BMT Fourth Avenue Line),https://en.wikipedia.org/wiki/36th_Street_(BMT_Fourth_Avenue_Line)
33,45th Street (BMT Fourth Avenue Line),https://en.wikipedia.org/wiki/45th_Street_(BMT_Fourth_Avenue_Line)
34,53rd Street (BMT Fourth Avenue Line),https://en.wikipedia.org/wiki/53rd_Street_(BMT_Fourth_Avenue_Line)
35,59th Street (BMT Fourth Avenue Line),https://en.wikipedia.org/wiki/59th_Street_(BMT_Fourth_Avenue_Line)
36,Bay Ridge Avenue (BMT Fourth Avenue Line),https://en.wikipedia.org/wiki/Bay_Ridge_Avenue_(BMT_Fourth_Avenue_Line)
37,77th Street (BMT Fourth Avenue Line),https://en.wikipedia.org/wiki/77th_Street_(BMT_Fourth_Avenue_Line)
38,86th Street (BMT Fourth Avenue Line),https://en.wikipedia.org/wiki/86th_Street_(BMT_Fourth_Avenue_Line)
39,Bay Ridge--95th Street (BMT Fourth Avenue Line),https://en.wikipedia.org/wiki/Bay_Ridge%E2%80%9395th_Street_(BMT_Fourth_Avenue_Line)
41,Seventh Avenue (BMT Brighton Line),https://en.wikipedia.org/wiki/Seventh_Avenue_(BMT_Brighton_Line)
42,Prospect Park (BMT Brighton Line),https://en.wikipedia.org/wiki/Prospect_Park_(BMT_Brighton_Line)
43,Parkside Avenue (BMT Brighton Line),https://en.wikipedia.org/wiki/Parkside_Avenue_(BMT_Brighton_Line)
44,Church Avenue (BMT Brighton Line),https://en.wikipedia.org/wiki/Church_Avenue_(BMT_Brighton_Line)
45,Beverley Road (BMT Brighton Line),https://en.wikipedia.org/wiki/Beverley_Road_(BMT_Brighton_Line)
46,Cortelyou Road (BMT Brighton Line),https://en.wikipedia.org/wiki/Cortelyou_Road_(BMT_Brighton_Line)
47,Newkirk Plaza (BMT Brighton Line),https://en.wikipedia.org/wiki/Newkirk_Plaza_(BMT_Brighton_Line)
48,Avenue H (BMT Brighton Line),https://en.wikipedia.org/wiki/Avenue_H_(BMT_Brighton_Line)
49,Avenue J (BMT Brighton Line),https://en.wikipedia.org/wiki/Avenue_J_(BMT_Brighton_Line)
50,Avenue M (BMT Brighton Line),https://en.wikipedia.org/wiki/Avenue_M_(BMT_Brighton_Line)
51,Kings Highway (BMT Brighton Line),https://en.wikipedia.org/wiki/Kings_Highway_(BMT_Brighton_Line)
52,Avenue U (BMT Brighton Line),https://en.wikipedia.org/wiki/Avenue_U_(BMT_Brighton_Line)
53,Neck Road (BMT Brighton Line),https://en.wikipedia.org/wiki/Neck_Road_(BMT_Brighton_Line)
54,Sheepshead Bay (BMT Brighton Line),https://en.wikipedia.org/wiki/Sheepshead_Bay_(BMT_Brighton_Line)
55,Brighton Beach (BMT Brighton Line),https://en.wikipedia.org/wiki/Brighton_Beach_(BMT_Brighton_Line)
56,Ocean Parkway (BMT Brighton Line),https://en.wikipedia.org/wiki/Ocean_Parkway_(BMT_Brighton_Line)
57,West Eighth Street--New York Aquarium (BMT Brighton Line / IND Culver Line),https://en.wikipedia.org/wiki/West_Eighth_Street%E2%80%93New_York_Aquarium_(New_York_City_Subway)
58,Coney Island Terminal--Stillwell Avenue,https://en.wikipedia.org/wiki/Coney_Island%E2%80%93Stillwell_Avenue_(New_York_City_Subway)
59,Ninth Avenue (BMT West End Line),https://en.wikipedia.org/wiki/Ninth_Avenue_(BMT_West_End_Line)
60,Fort Hamilton Parkway (BMT West End Line),https://en.wikipedia.org/wiki/Fort_Hamilton_Parkway_(BMT_West_End_Line)
61,50th Street (BMT West End Line),https://en.wikipedia.org/wiki/50th_Street_(BMT_West_End_Line)
62,55th Street (BMT West End Line),https://en.wikipedia.org/wiki/55th_Street_(BMT_West_End_Line)
64,71st Street (BMT West End Line),https://en.wikipedia.org/wiki/71st_Street_(BMT_West_End_Line)
65,79th Street (BMT West End Line),https://en.wikipedia.org/wiki/79th_Street_(BMT_West_End_Line)
66,18th Avenue (BMT West End Line),https://en.wikipedia.org/wiki/18th_Avenue_(BMT_West_End_Line)
67,20th Avenue (BMT West End Line),https://en.wikipedia.org/wiki/20th_Avenue_(BMT_West_End_Line)
68,Bay Parkway (BMT West End Line),https://en.wikipedia.org/wiki/Bay_Parkway_(BMT_West_End_Line)
69,25th Avenue (BMT West End Line),https://en.wikipedia.org/wiki/25th_Avenue_(BMT_West_End_Line)
70,Bay 50th Street (BMT West End Line),https://en.wikipedia.org/wiki/Bay_50th_Street_(BMT_West_End_Line)
71,Eighth Avenue (BMT Sea Beach Line),https://en.wikipedia.org/wiki/Eighth_Avenue_(BMT_Sea_Beach_Line)
72,Fort Hamilton Parkway (BMT Sea Beach Line),https://en.wikipedia.org/wiki/Fort_Hamilton_Parkway_(BMT_Sea_Beach_Line)
74,18th Avenue (BMT Sea Beach Line),https://en.wikipedia.org/wiki/18th_Avenue_(BMT_Sea_Beach_Line)
75,20th Avenue (BMT Sea Beach Line),https://en.wikipedia.org/wiki/20th_Avenue_(BMT_Sea_Beach_Line)
76,Bay Parkway (BMT Sea Beach Line),https://en.wikipedia.org/wiki/Bay_Parkway_(BMT_Sea_Beach_Line)
77,Kings Highway (BMT Sea Beach Line),https://en.wikipedia.org/wiki/Kings_Highway_(BMT_Sea_Beach_Line)
78,Avenue U (BMT Sea Beach Line),https://en.wikipedia.org/wiki/Avenue_U_(BMT_Sea_Beach_Line)
79,86th Street (BMT Sea Beach Line),https://en.wikipedia.org/wiki/86th_Street_(BMT_Sea_Beach_Line)
80,121st Street (BMT Jamaica Line),https://en.wikipedia.org/wiki/121st_Street_(BMT_Jamaica_Line)
81,111th Street (BMT Jamaica Line),https://en.wikipedia.org/wiki/111th_Street_(BMT_Jamaica_Line)
82,104th Street (BMT Jamaica Line),https://en.wikipedia.org/wiki/104th_Street_(BMT_Jamaica_Line)
83,Woodhaven Boulevard (BMT Jamaica Line),https://en.wikipedia.org/wiki/Woodhaven_Boulevard_(BMT_Jamaica_Line)
84,85th Street--Forest Parkway (BMT Jamaica Line),https://en.wikipedia.org/wiki/85th_Street%E2%80%93Forest_Parkway_(BMT_Jamaica_Line)
85,75th Street--Elderts Lane (BMT Jamaica Line),https://en.wikipedia.org/wiki/75th_Street%E2%80%93Elderts_Lane_(BMT_Jamaica_Line)
86,Cypress Hills (BMT Jamaica Line),https://en.wikipedia.org/wiki/Cypress_Hills_(BMT_Jamaica_Line)
87,Crescent Street (BMT Jamaica Line),https://en.wikipedia.org/wiki/Crescent_Street_(BMT_Jamaica_Line)
88,Norwood Avenue (BMT Jamaica Line),https://en.wikipedia.org/wiki/Norwood_Avenue_(BMT_Jamaica_Line)
89,Cleveland Street (BMT Jamaica Line),https://en.wikipedia.org/wiki/Cleveland_Street_(BMT_Jamaica_Line)
90,Van Siclen Avenue (BMT Jamaica Line),https://en.wikipedia.org/wiki/Van_Siclen_Avenue_(BMT_Jamaica_Line)
91,Alabama Avenue (BMT Jamaica Line),https://en.wikipedia.org/wiki/Alabama_Avenue_(BMT_Jamaica_Line)
93,Chauncey Street (BMT Jamaica Line),https://en.wikipedia.org/wiki/Chauncey_Street_(BMT_Jamaica_Line)
94,Halsey Street (BMT Jamaica Line),https://en.wikipedia.org/wiki/Halsey_Street_(BMT_Jamaica_Line)
95,Gates Avenue (BMT Jamaica Line),https://en.wikipedia.org/wiki/Gates_Avenue_(BMT_Jamaica_Line)
96,Kosciuszko Street (BMT Jamaica Line),https://en.wikipedia.org/wiki/Kosciuszko_Street_(BMT_Jamaica_Line)
97,Myrtle Avenue (BMT Jamaica Line),https://en.wikipedia.org/wiki/Myrtle_Avenue_(BMT_Jamaica_Line)
98,Flushing Avenue (BMT Jamaica Line),https://en.wikipedia.org/wiki/Flushing_Avenue_(BMT_Jamaica_Line)
99,Lorimer Street (BMT Jamaica Line),https://en.wikipedia.org/wiki/Lorimer_Street_(BMT_Jamaica_Line)
100,Hewes Street (BMT Jamaica Line),https://en.wikipedia.org/wiki/Hewes_Street_(BMT_Jamaica_Line)
101,Marcy Avenue (BMT Jamaica Line),https://en.wikipedia.org/wiki/Marcy_Avenue_(BMT_Jamaica_Line)
103,Bowery (BMT Nassau Street Line),https://en.wikipedia.org/wiki/Bowery_(BMT_Nassau_Street_Line)
107,Broad Street (BMT Nassau Street Line),https://en.wikipedia.org/wiki/Broad_Street_(BMT_Nassau_Street_Line)
108,Middle Village--Metropolitan Avenue (BMT Myrtle Avenue Line),https://en.wikipedia.org/wiki/Middle_Village%E2%80%93Metropolitan_Avenue_(BMT_Myrtle_Avenue_Line)
109,Fresh Pond Road (BMT Myrtle Avenue Line),https://en.wikipedia.org/wiki/Fresh_Pond_Road_(BMT_Myrtle_Avenue_Line)
110,Forest Avenue (BMT Myrtle Avenue Line),https://en.wikipedia.org/wiki/Forest_Avenue_(BMT_Myrtle_Avenue_Line)
111,Seneca Avenue (BMT Myrtle Avenue Line),https://en.wikipedia.org/wiki/Seneca_Avenue_(BMT_Myrtle_Avenue_Line)
113,Knickerbocker Avenue (BMT Myrtle Avenue Line),https://en.wikipedia.org/wiki/Knickerbocker_Avenue_(BMT_Myrtle_Avenue_Line)
114,Central Avenue (BMT Myrtle Avenue Line),https://en.wikipedia.org/wiki/Central_Avenue_(BMT_Myrtle_Avenue_Line)
118,Third Avenue (BMT Canarsie Line),https://en.wikipedia.org/wiki/Third_Avenue_(BMT_Canarsie_Line)
119,First Avenue (BMT Canarsie Line),https://en.wikipedia.org/wiki/First_Avenue_(BMT_Canarsie_Line)
120,Bedford Avenue (BMT Canarsie Line),https://en.wikipedia.org/wiki/Bedford_Avenue_(BMT_Canarsie_Line)
122,Graham Avenue (BMT Canarsie Line),https://en.wikipedia.org/wiki/Graham_Avenue_(BMT_Canarsie_Line)
123,Grand Street (BMT Canarsie Line),https://en.wikipedia.org/wiki/Grand_Street_(BMT_Canarsie_Line)
124,Montrose Avenue (BMT Canarsie Line),https://en.wikipedia.org/wiki/Montrose_Avenue_(BMT_Canarsie_Line)
125,Morgan Avenue (BMT Canarsie Line),https://en.wikipedia.org/wiki/Morgan_Avenue_(BMT_Canarsie_Line)
126,Jefferson Street (BMT Canarsie Line),https://en.wikipedia.org/wiki/Jefferson_Street_(BMT_Canarsie_Line)
127,DeKalb Avenue (BMT Canarsie Line),https://en.wikipedia.org/wiki/DeKalb_Avenue_(BMT_Canarsie_Line)
129,Halsey Street (BMT Canarsie Line),https://en.wikipedia.org/wiki/Halsey_Street_(BMT_Canarsie_Line)
130,Wilson Avenue (BMT Canarsie Line),https://en.wikipedia.org/wiki/Wilson_Avenue_(BMT_Canarsie_Line)
131,Bushwick Avenue--Aberdeen Street (BMT Canarsie Line),https://en.wikipedia.org/wiki/Bushwick_Avenue%E2%80%93Aberdeen_Street_(BMT_Canarsie_Line)
133,Atlantic Avenue (BMT Canarsie Line),https://en.wikipedia.org/wiki/Atlantic_Avenue_(BMT_Canarsie_Line)
134,Sutter Avenue (BMT Canarsie Line),https://en.wikipedia.org/wiki/Sutter_Avenue_(BMT_Canarsie_Line)
135,Livonia Avenue (BMT Canarsie Line),https://en.wikipedia.org/wiki/Livonia_Avenue_(BMT_Canarsie_Line)
136,New Lots Avenue (BMT Canarsie Line),https://en.wikipedia.org/wiki/New_Lots_Avenue_(BMT_Canarsie_Line)
137,East 105th Street (BMT Canarsie Line),https://en.wikipedia.org/wiki/East_105th_Street_(BMT_Canarsie_Line)
138,Canarsie--Rockaway Parkway (BMT Canarsie Line),https://en.wikipedia.org/wiki/Canarsie%E2%80%93Rockaway_Parkway_(BMT_Canarsie_Line)
141,Park Place (BMT Franklin Avenue Line),https://en.wikipedia.org/wiki/Park_Place_(BMT_Franklin_Avenue_Line)
143,Inwood--207th Street (IND Eighth Avenue Line),https://en.wikipedia.org/wiki/Inwood%E2%80%93207th_Street_(IND_Eighth_Avenue_Line)
144,Dyckman Street (IND Eighth Avenue Line),https://en.wikipedia.org/wiki/Dyckman_Street_(IND_Eighth_Avenue_Line)
145,190th Street (IND Eighth Avenue Line),https://en.wikipedia.org/wiki/190th_Street_(IND_Eighth_Avenue_Line)
146,181st Street (IND Eighth Avenue Line),https://en.wikipedia.org/wiki/181st_Street_(IND_Eighth_Avenue_Line)
147,175th Street (IND Eighth Avenue Line),https://en.wikipedia.org/wiki/175th_Street_(IND_Eighth_Avenue_Line)
149,163rd Street--Amsterdam Avenue (IND Eighth Avenue Line),https://en.wikipedia.org/wiki/163rd_Street%E2%80%93Amsterdam_Avenue_(IND_Eighth_Avenue_Line)
150,155th Street (IND Eighth Avenue Line),https://en.wikipedia.org/wiki/155th_Street_(IND_Eighth_Avenue_Line)
151,145th Street (IND Concourse Line / IND Eighth Avenue Line),https://en.wikipedia.org/wiki/145th_Street_(IND_Lines)
152,135th Street (IND Eighth Avenue Line),https://en.wikipedia.org/wiki/135th_Street_(IND_Eighth_Avenue_Line)
153,125th Street (IND Eighth Avenue Line),https://en.wikipedia.org/wiki/125th_Street_(IND_Eighth_Avenue_Line)
154,116th Street (IND Eighth Avenue Line),https://en.wikipedia.org/wiki/116th_Street_(IND_Eighth_Avenue_Line)
155,Cathedral Parkway--110th Street (IND Eighth Avenue Line),https://en.wikipedia.org/wiki/Cathedral_Parkway%E2%80%93110th_Street_(IND_Eighth_Avenue_Line)
156,103rd Street (IND Eighth Avenue Line),https://en.wikipedia.org/wiki/103rd_Street_(IND_Eighth_Avenue_Line)
157,96th Street (IND Eighth Avenue Line),https://en.wikipedia.org/wiki/96th_Street_(IND_Eighth_Avenue_Line)
158,86th Street (IND Eighth Avenue Line),https://en.wikipedia.org/wiki/86th_Street_(IND_Eighth_Avenue_Line)
159,81st Street--Museum of Natural History (IND Eighth Avenue Line),https://en.wikipedia.org/wiki/81st_Street%E2%80%93Museum_of_Natural_History_(IND_Eighth_Avenue_Line)
160,72nd Street (IND Eighth Avenue Line),https://en.wikipedia.org/wiki/72nd_Street_(IND_Eighth_Avenue_Line)
162,50th Street (IND Eighth Avenue Line / IND Queens Boulevard Line),https://en.wikipedia.org/wiki/50th_Street_(IND_Lines)
164,34th Street--Penn Station (IND Eighth Avenue Line),https://en.wikipedia.org/wiki/34th_Street%E2%80%93Penn_Station_(IND_Eighth_Avenue_Line)
165,23rd Street (IND Eighth Avenue Line),https://en.wikipedia.org/wiki/23rd_Street_(IND_Eighth_Avenue_Line)
167,W 4th St--Washington Sq,https://en.wikipedia.org/wiki/West_Fourth_Street%E2%80%93Washington_Square_(New_York_City_Subway)
168,Spring Street (IND Eighth Avenue Line),https://en.wikipedia.org/wiki/Spring_Street_(IND_Eighth_Avenue_Line)
169,Canal Street (IND Eighth Avenue Line),https://en.wikipedia.org/wiki/Canal_Street_(IND_Eighth_Avenue_Line)
173,High Street--Brooklyn Bridge (IND Eighth Avenue Line),https://en.wikipedia.org/wiki/High_Street_(IND_Eighth_Avenue_Line)
175,Hoyt--Schermerhorn Streets (IND Crosstown Line / IND Fulton Street Line),https://en.wikipedia.org/wiki/Hoyt%E2%80%93Schermerhorn_Streets_(New_York_City_Subway)
176,Lafayette Avenue (IND Fulton Street Line),https://en.wikipedia.org/wiki/Lafayette_Avenue_(IND_Fulton_Street_Line)
177,Clinton--Washington Avenues (IND Fulton Street Line),https://en.wikipedia.org/wiki/Clinton%E2%80%93Washington_Avenues_(IND_Fulton_Street_Line)
179,Nostrand Avenue (IND Fulton Street Line),https://en.wikipedia.org/wiki/Nostrand_Avenue_(IND_Fulton_Street_Line)
180,Kingston--Throop Avenues (IND Fulton Street Line),https://en.wikipedia.org/wiki/Kingston%E2%80%93Throop_Avenues_(IND_Fulton_Street_Line)
181,Utica Avenue (IND Fulton Street Line),https://en.wikipedia.org/wiki/Utica_Avenue_(IND_Fulton_Street_Line)
182,Ralph Avenue (IND Fulton Street Line),https://en.wikipedia.org/wiki/Ralph_Avenue_(IND_Fulton_Street_Line)
183,Rockaway Avenue (IND Fulton Street Line),https://en.wikipedia.org/wiki/Rockaway_Avenue_(IND_Fulton_Street_Line)
185,Liberty Avenue (IND Fulton Street Line),https://en.wikipedia.org/wiki/Liberty_Avenue_(IND_Fulton_Street_Line)
186,Van Siclen Avenue (IND Fulton Street Line),https://en.wikipedia.org/wiki/Van_Siclen_Avenue_(IND_Fulton_Street_Line)
187,Shepherd Avenue (IND Fulton Street Line),https://en.wikipedia.org/wiki/Shepherd_Avenue_(IND_Fulton_Street_Line)
188,Euclid Avenue (IND Fulton Street Line),https://en.wikipedia.org/wiki/Euclid_Avenue_(IND_Fulton_Street_Line)
189,Grant Avenue (IND Fulton Street Line),https://en.wikipedia.org/wiki/Grant_Avenue_(IND_Fulton_Street_Line)
190,80th Street--Hudson Street (IND Fulton Street Line),https://en.wikipedia.org/wiki/80th_Street_(IND_Fulton_Street_Line)
191,88th Street--Boyd Avenue (IND Fulton Street Line),https://en.wikipedia.org/wiki/88th_Street_(IND_Fulton_Street_Line)
192,Rockaway Boulevard (IND Fulton Street Line),https://en.wikipedia.org/wiki/Rockaway_Boulevard_(IND_Fulton_Street_Line)
193,104th Street--Oxford Avenue (IND Fulton Street Line),https://en.wikipedia.org/wiki/104th_Street_(IND_Fulton_Street_Line)
194,111th Street--Greenwood Avenue (IND Fulton Street Line),https://en.wikipedia.org/wiki/111th_Street_(IND_Fulton_Street_Line)
195,Ozone Park--Lefferts Boulevard (IND Fulton Street Line),https://en.wikipedia.org/wiki/Ozone_Park%E2%80%93Lefferts_Boulevard_(IND_Fulton_Street_Line)
196,Aqueduct Racetrack (IND Rockaway Line),https://en.wikipedia.org/wiki/Aqueduct_Racetrack_(IND_Rockaway_Line)
197,Aqueduct--North Conduit Avenue (IND Rockaway Line),https://en.wikipedia.org/wiki/Aqueduct%E2%80%93North_Conduit_Avenue_(IND_Rockaway_Line)
198,Howard Beach--JFK Airport (IND Rockaway Line),https://en.wikipedia.org/wiki/Howard_Beach%E2%80%93JFK_Airport_(IND_Rockaway_Line)
199,Broad Channel (IND Rockaway Line),https://en.wikipedia.org/wiki/Broad_Channel_(IND_Rockaway_Line)
200,Beach 90th Street--Holland (IND Rockaway Line),https://en.wikipedia.org/wiki/Beach_90th_Street_(IND_Rockaway_Line)
201,Beach 98th Street--Playland (IND Rockaway Line),https://en.wikipedia.org/wiki/Beach_98th_Street_(IND_Rockaway_Line)
202,Beach 105th Street--Seaside (IND Rockaway Line),https://en.wikipedia.org/wiki/Beach_105th_Street_(IND_Rockaway_Line)
203,Rockaway Park--Beach 116th Street (IND Rockaway Line),https://en.wikipedia.org/wiki/Rockaway_Park%E2%80%93Beach_116th_Street_(IND_Rockaway_Line)
204,Beach 67th Street--Arverne By The Sea (IND Rockaway Line),https://en.wikipedia.org/wiki/Beach_67th_Street_(IND_Rockaway_Line)
205,Beach 60th Street--Straiton Avenue (IND Rockaway Line),https://en.wikipedia.org/wiki/Beach_60th_Street_(IND_Rockaway_Line)
206,Beach 44th Street--Frank Avenue (IND Rockaway Line),https://en.wikipedia.org/wiki/Beach_44th_Street_(IND_Rockaway_Line)
207,Beach 36th Street--Edgemere (IND Rockaway Line),https://en.wikipedia.org/wiki/Beach_36th_Street_(IND_Rockaway_Line)
208,Beach 25th Street--Wavecrest (IND Rockaway Line),https://en.wikipedia.org/wiki/Beach_25th_Street_(IND_Rockaway_Line)
209,Far Rockaway--Mott Avenue (IND Rockaway Line),https://en.wikipedia.org/wiki/Far_Rockaway%E2%80%93Mott_Avenue_(IND_Rockaway_Line)
210,Norwood--205th Street (IND Concourse Line),https://en.wikipedia.org/wiki/Norwood%E2%80%93205th_Street_(IND_Concourse_Line)
211,Bedford Park Boulevard (IND Concourse Line),https://en.wikipedia.org/wiki/Bedford_Park_Boulevard_(IND_Concourse_Line)
212,Kingsbridge Road (IND Concourse Line),https://en.wikipedia.org/wiki/Kingsbridge_Road_(IND_Concourse_Line)
213,Fordham Road (IND Concourse Line),https://en.wikipedia.org/wiki/Fordham_Road_(IND_Concourse_Line)
214,182nd--183rd Streets (IND Concourse Line),https://en.wikipedia.org/wiki/182nd%E2%80%93183rd_Streets_(IND_Concourse_Line)
215,Tremont Avenue (IND Concourse Line),https://en.wikipedia.org/wiki/Tremont_Avenue_(IND_Concourse_Line)
216,174th--175th Streets (IND Concourse Line),https://en.wikipedia.org/wiki/174th%E2%80%93175th_Streets_(IND_Concourse_Line)
217,170th Street (IND Concourse Line),https://en.wikipedia.org/wiki/170th_Street_(IND_Concourse_Line)
218,167th Street (IND Concourse Line),https://en.wikipedia.org/wiki/167th_Street_(IND_Concourse_Line)
220,155th Street (IND Concourse Line),https://en.wikipedia.org/wiki/155th_Street_(IND_Concourse_Line)
221,21st Street--Queensbridge (IND 63rd Street Line),https://en.wikipedia.org/wiki/21st_Street%E2%80%93Queensbridge_(IND_63rd_Street_Line)
222,Roosevelt Island (IND 63rd Street Line),https://en.wikipedia.org/wiki/Roosevelt_Island_(IND_63rd_Street_Line)
223,Lexington Avenue--63rd Street,https://en.wikipedia.org/wiki/Lexington_Avenue%E2%80%9363rd_Street_(63rd_Street_Lines)
224,57th Street (IND Sixth Avenue Line),https://en.wikipedia.org/wiki/57th_Street_(IND_Sixth_Avenue_Line)
225,47th--50th Streets--Rockefeller Center (IND Sixth Avenue Line),https://en.wikipedia.org/wiki/47th%E2%80%9350th_Streets%E2%80%93Rockefeller_Center_(IND_Sixth_Avenue_Line)
228,23rd Street (IND Sixth Avenue Line),https://en.wikipedia.org/wiki/23rd_Street_(IND_Sixth_Avenue_Line)
231,Grand Street (IND Sixth Avenue Line),https://en.wikipedia.org/wiki/Grand_Street_(IND_Sixth_Avenue_Line)
232,Second Avenue (IND Sixth Avenue Line),https://en.wikipedia.org/wiki/Second_Avenue_(IND_Sixth_Avenue_Line)
234,East Broadway (IND Sixth Avenue Line),https://en.wikipedia.org/wiki/East_Broadway_(IND_Sixth_Avenue_Line)
235,York Street (IND Sixth Avenue Line),https://en.wikipedia.org/wiki/York_Street_(IND_Sixth_Avenue_Line)
236,Bergen Street (IND Culver Line),https://en.wikipedia.org/wiki/Bergen_Street_(IND_Culver_Line)
237,Carroll Street (IND Culver Line),https://en.wikipedia.org/wiki/Carroll_Street_(IND_Culver_Line)
238,Smith--Ninth Streets (IND Culver Line),https://en.wikipedia.org/wiki/Smith%E2%80%93Ninth_Streets_(IND_Culver_Line)
240,Seventh Avenue (IND Culver Line),https://en.wikipedia.org/wiki/Seventh_Avenue_(IND_Culver_Line)
241,15th Street--Prospect Park (IND Culver Line),https://en.wikipedia.org/wiki/15th_Street%E2%80%93Prospect_Park_(IND_Culver_Line)
242,Fort Hamilton Parkway (IND Culver Line),https://en.wikipedia.org/wiki/Fort_Hamilton_Parkway_(IND_Culver_Line)
243,Church Avenue (IND Culver Line),https://en.wikipedia.org/wiki/Church_Avenue_(IND_Culver_Line)
244,Ditmas Avenue (IND Culver Line),https://en.wikipedia.org/wiki/Ditmas_Avenue_(IND_Culver_Line)
245,18th Avenue (IND Culver Line),https://en.wikipedia.org/wiki/18th_Avenue_(IND_Culver_Line)
246,Avenue I (IND Culver Line),https://en.wikipedia.org/wiki/Avenue_I_(IND_Culver_Line)
247,22nd Avenue--Bay Parkway (IND Culver Line),https://en.wikipedia.org/wiki/Bay_Parkway_(IND_Culver_Line)
248,Avenue N (IND Culver Line),https://en.wikipedia.org/wiki/Avenue_N_(IND_Culver_Line)
249,Avenue P (IND Culver Line),https://en.wikipedia.org/wiki/Avenue_P_(IND_Culver_Line)
250,Kings Highway (IND Culver Line),https://en.wikipedia.org/wiki/Kings_Highway_(IND_Culver_Line)
251,Avenue U (IND Culver Line),https://en.wikipedia.org/wiki/Avenue_U_(IND_Culver_Line)
252,Avenue X (IND Culver Line),https://en.wikipedia.org/wiki/Avenue_X_(IND_Culver_Line)
253,Neptune Avenue (IND Culver Line),https://en.wikipedia.org/wiki/Neptune_Avenue_(IND_Culver_Line)
254,Jamaica--179th Street (IND Queens Boulevard Line),https://en.wikipedia.org/wiki/Jamaica%E2%80%93179th_Street_(IND_Queens_Boulevard_Line)
255,169th Street (IND Queens Boulevard Line),https://en.wikipedia.org/wiki/169th_Street_(IND_Queens_Boulevard_Line)
256,Parsons Boulevard (IND Queens Boulevard Line),https://en.wikipedia.org/wiki/Parsons_Boulevard_(IND_Queens_Boulevard_Line)
257,Sutphin Boulevard (IND Queens Boulevard Line),https://en.wikipedia.org/wiki/Sutphin_Boulevard_(IND_Queens_Boulevard_Line)
258,Briarwood--Van Wyck Boulevard (IND Queens Boulevard Line),https://en.wikipedia.org/wiki/Briarwood_(IND_Queens_Boulevard_Line)
259,Kew Gardens--Union Turnpike (IND Queens Boulevard Line),https://en.wikipedia.org/wiki/Kew_Gardens%E2%80%93Union_Turnpike_(IND_Queens_Boulevard_Line)
260,75th Avenue (IND Queens Boulevard Line),https://en.wikipedia.org/wiki/75th_Avenue_(IND_Queens_Boulevard_Line)
261,Forest Hills--71st Avenue (IND Queens Boulevard Line),https://en.wikipedia.org/wiki/Forest_Hills%E2%80%9371st_Avenue_(IND_Queens_Boulevard_Line)
262,67th Avenue (IND Queens Boulevard Line),https://en.wikipedia.org/wiki/67th_Avenue_(IND_Queens_Boulevard_Line)
263,63rd Drive--Rego Park (IND Queens Boulevard Line),https://en.wikipedia.org/wiki/63rd_Drive%E2%80%93Rego_Park_(IND_Queens_Boulevard_Line)
264,Woodhaven Boulevard (IND Queens Boulevard Line),https://en.wikipedia.org/wiki/Woodhaven_Boulevard_(IND_Queens_Boulevard_Line)
265,Grand Avenue--Newtown (IND Queens Boulevard Line),https://en.wikipedia.org/wiki/Grand_Avenue%E2%80%93Newtown_(IND_Queens_Boulevard_Line)
266,Elmhurst Avenue (IND Queens Boulevard Line),https://en.wikipedia.org/wiki/Elmhurst_Avenue_(IND_Queens_Boulevard_Line)
268,65th Street (IND Queens Boulevard Line),https://en.wikipedia.org/wiki/65th_Street_(IND_Queens_Boulevard_Line)
269,Northern Boulevard (IND Queens Boulevard Line),https://en.wikipedia.org/wiki/Northern_Boulevard_(IND_Queens_Boulevard_Line)
270,46th Street (IND Queens Boulevard Line),https://en.wikipedia.org/wiki/46th_Street_(IND_Queens_Boulevard_Line)
271,Steinway Street (IND Queens Boulevard Line),https://en.wikipedia.org/wiki/Steinway_Street_(IND_Queens_Boulevard_Line)
272,36th Street (IND Queens Boulevard Line),https://en.wikipedia.org/wiki/36th_Street_(IND_Queens_Boulevard_Line)
273,Queens Plaza (IND Queens Boulevard Line),https://en.wikipedia.org/wiki/Queens_Plaza_(IND_Queens_Boulevard_Line)
276,Fifth Avenue/53rd Street (IND Queens Boulevard Line),https://en.wikipedia.org/wiki/Fifth_Avenue/53rd_Street_(IND_Queens_Boulevard_Line)
277,Seventh Avenue (IND Sixth Avenue Line / IND Queens Boulevard Line),https://en.wikipedia.org/wiki/Seventh_Avenue_(IND_Lines)
278,Jamaica Center--Parsons/Archer,https://en.wikipedia.org/wiki/Jamaica_Center%E2%80%93Parsons/Archer_(Archer_Avenue_Lines)
279,Sutphin Boulevard--Archer Avenue--JFK Airport,https://en.wikipedia.org/wiki/Sutphin_Boulevard%E2%80%93Archer_Avenue%E2%80%93JFK_Airport_(Archer_Avenue_Lines)
280,Jamaica--Van Wyck (IND Archer Avenue Line),https://en.wikipedia.org/wiki/Jamaica%E2%80%93Van_Wyck_(IND_Archer_Avenue_Line)
282,21st Street--Van Alst (IND Crosstown Line),https://en.wikipedia.org/wiki/21st_Street_(IND_Crosstown_Line)
283,Greenpoint Avenue (IND Crosstown Line),https://en.wikipedia.org/wiki/Greenpoint_Avenue_(IND_Crosstown_Line)
284,Nassau Avenue (IND Crosstown Line),https://en.wikipedia.org/wiki/Nassau_Avenue_(IND_Crosstown_Line)
286,Broadway (IND Crosstown Line),https://en.wikipedia.org/wiki/Broadway_(IND_Crosstown_Line)
287,Flushing Avenue (IND Crosstown Line),https://en.wikipedia.org/wiki/Flushing_Avenue_(IND_Crosstown_Line)
288,Myrtle--Willoughby Avenues (IND Crosstown Line),https://en.wikipedia.org/wiki/Myrtle%E2%80%93Willoughby_Avenues_(IND_Crosstown_Line)
289,Bedford--Nostrand Avenues (IND Crosstown Line),https://en.wikipedia.org/wiki/Bedford%E2%80%93Nostrand_Avenues_(IND_Crosstown_Line)
290,Classon Avenue (IND Crosstown Line),https://en.wikipedia.org/wiki/Classon_Avenue_(IND_Crosstown_Line)
291,Clinton--Washington Avenues (IND Crosstown Line),https://en.wikipedia.org/wiki/Clinton%E2%80%93Washington_Avenues_(IND_Crosstown_Line)
292,Fulton Street (IND Crosstown Line),https://en.wikipedia.org/wiki/Fulton_Street_(IND_Crosstown_Line)
293,Van Cortlandt Park--242nd Street (IRT Broadway--Seventh Avenue Line),https://en.wikipedia.org/wiki/Van_Cortlandt_Park%E2%80%93242nd_Street_(IRT_Broadway%E2%80%93Seventh_Avenue_Line)
294,238th Street (IRT Broadway--Seventh Avenue Line),https://en.wikipedia.org/wiki/238th_Street_(IRT_Broadway%E2%80%93Seventh_Avenue_Line)
295,231st Street (IRT Broadway--Seventh Avenue Line),https://en.wikipedia.org/wiki/231st_Street_(IRT_Broadway%E2%80%93Seventh_Avenue_Line)
296,Marble Hill--225th Street (IRT Broadway--Seventh Avenue Line),https://en.wikipedia.org/wiki/Marble_Hill%E2%80%93225th_Street_(IRT_Broadway%E2%80%93Seventh_Avenue_Line)
297,215th Street (IRT Broadway--Seventh Avenue Line),https://en.wikipedia.org/wiki/215th_Street_(IRT_Broadway%E2%80%93Seventh_Avenue_Line)
298,207th Street (IRT Broadway--Seventh Avenue Line),https://en.wikipedia.org/wiki/207th_Street_(IRT_Broadway%E2%80%93Seventh_Avenue_Line)
299,Dyckman Street (IRT Broadway--Seventh Avenue Line),https://en.wikipedia.org/wiki/Dyckman_Street_(IRT_Broadway%E2%80%93Seventh_Avenue_Line)
300,191st Street (IRT Broadway--Seventh Avenue Line),https://en.wikipedia.org/wiki/191st_Street_(IRT_Broadway%E2%80%93Seventh_Avenue_Line)
301,181st Street (IRT Broadway--Seventh Avenue Line),https://en.wikipedia.org/wiki/181st_Street_(IRT_Broadway%E2%80%93Seventh_Avenue_Line)
303,157th Street (IRT Broadway--Seventh Avenue Line),https://en.wikipedia.org/wiki/157th_Street_(IRT_Broadway%E2%80%93Seventh_Avenue_Line)
304,145th Street (IRT Broadway--Seventh Avenue Line),https://en.wikipedia.org/wiki/145th_Street_(IRT_Broadway%E2%80%93Seventh_Avenue_Line)
305,137th Street--City College (IRT Broadway--Seventh Avenue Line),https://en.wikipedia.org/wiki/137th_Street%E2%80%93City_College_(IRT_Broadway%E2%80%93Seventh_Avenue_Line)
306,125th Street (IRT Broadway--Seventh Avenue Line),https://en.wikipedia.org/wiki/125th_Street_(IRT_Broadway%E2%80%93Seventh_Avenue_Line)
307,116th Street--Columbia University (IRT Broadway--Seventh Avenue Line),https://en.wikipedia.org/wiki/116th_Street%E2%80%93Columbia_University_(IRT_Broadway%E2%80%93Seventh_Avenue_Line)
308,Cathedral Parkway--110th Street (IRT Broadway--Seventh Avenue Line),https://en.wikipedia.org/wiki/Cathedral_Parkway%E2%80%93110th_Street_(IRT_Broadway%E2%80%93Seventh_Avenue_Line)
309,103rd Street (IRT Broadway--Seventh Avenue Line),https://en.wikipedia.org/wiki/103rd_Street_(IRT_Broadway%E2%80%93Seventh_Avenue_Line)
310,96th Street (IRT Broadway--Seventh Avenue Line),https://en.wikipedia.org/wiki/96th_Street_(IRT_Broadway%E2%80%93Seventh_Avenue_Line)
311,86th Street (IRT Broadway--Seventh Avenue Line),https://en.wikipedia.org/wiki/86th_Street_(IRT_Broadway%E2%80%93Seventh_Avenue_Line)
312,79th Street (IRT Broadway--Seventh Avenue Line),https://en.wikipedia.org/wiki/79th_Street_(IRT_Broadway%E2%80%93Seventh_Avenue_Line)
313,72nd Street (IRT Broadway--Seventh Avenue Line),https://en.wikipedia.org/wiki/72nd_Street_(IRT_Broadway%E2%80%93Seventh_Avenue_Line)
314,66th Street--Lincoln Center (IRT Broadway--Seventh Avenue Line),https://en.wikipedia.org/wiki/66th_Street%E2%80%93Lincoln_Center_(IRT_Broadway%E2%80%93Seventh_Avenue_Line)
316,50th Street (IRT Broadway--Seventh Avenue Line),https://en.wikipedia.org/wiki/50th_Street_(IRT_Broadway%E2%80%93Seventh_Avenue_Line)
318,34th Street--Penn Station (IRT Broadway--Seventh Avenue Line),https://en.wikipedia.org/wiki/34th_Street%E2%80%93Penn_Station_(IRT_Broadway%E2%80%93Seventh_Avenue_Line)
319,28th Street (IRT Broadway--Seventh Avenue Line),https://en.wikipedia.org/wiki/28th_Street_(IRT_Broadway%E2%80%93Seventh_Avenue_Line)
320,23rd Street (IRT Broadway--Seventh Avenue Line),https://en.wikipedia.org/wiki/23rd_Street_(IRT_Broadway%E2%80%93Seventh_Avenue_Line)
321,18th Street (IRT Broadway--Seventh Avenue Line),https://en.wikipedia.org/wiki/18th_Street_(IRT_Broadway%E2%80%93Seventh_Avenue_Line)
323,Christopher Street--Sheridan Square (IRT Broadway--Seventh Avenue Line),https://en.wikipedia.org/wiki/Christopher_Street%E2%80%93Sheridan_Square_(IRT_Broadway%E2%80%93Seventh_Avenue_Line)
324,Houston Street (IRT Broadway--Seventh Avenue Line),https://en.wikipedia.org/wiki/Houston_Street_(IRT_Broadway%E2%80%93Seventh_Avenue_Line)
325,Canal Street (IRT Broadway--Seventh Avenue Line),https://en.wikipedia.org/wiki/Canal_Street_(IRT_Broadway%E2%80%93Seventh_Avenue_Line)
326,Franklin Street (IRT Broadway--Seventh Avenue Line),https://en.wikipedia.org/wiki/Franklin_Street_(IRT_Broadway%E2%80%93Seventh_Avenue_Line)
327,Chambers Street (IRT Broadway--Seventh Avenue Line),https://en.wikipedia.org/wiki/Chambers_Street_(IRT_Broadway%E2%80%93Seventh_Avenue_Line)
328,Cortlandt Street--World Trade Center (IRT Broadway--Seventh Avenue Line),https://en.wikipedia.org/wiki/Cortlandt_Street_(IRT_Broadway%E2%80%93Seventh_Avenue_Line)
329,Rector Street (IRT Broadway--Seventh Avenue Line),https://en.wikipedia.org/wiki/Rector_Street_(IRT_Broadway%E2%80%93Seventh_Avenue_Line)
333,Wall Street (IRT Broadway--Seventh Avenue Line),https://en.wikipedia.org/wiki/Wall_Street_(IRT_Broadway%E2%80%93Seventh_Avenue_Line)
334,Clark Street (IRT Broadway--Seventh Avenue Line),https://en.wikipedia.org/wiki/Clark_Street_(IRT_Broadway%E2%80%93Seventh_Avenue_Line)
336,Hoyt Street (IRT Eastern Parkway Line),https://en.wikipedia.org/wiki/Hoyt_Street_(IRT_Eastern_Parkway_Line)
337,Nevins Street (IRT Eastern Parkway Line),https://en.wikipedia.org/wiki/Nevins_Street_(IRT_Eastern_Parkway_Line)
339,Bergen Street (IRT Eastern Parkway Line),https://en.wikipedia.org/wiki/Bergen_Street_(IRT_Eastern_Parkway_Line)
340,Grand Army Plaza (IRT Eastern Parkway Line),https://en.wikipedia.org/wiki/Grand_Army_Plaza_(IRT_Eastern_Parkway_Line)
341,Eastern Parkway--Brooklyn Museum (IRT Eastern Parkway Line),https://en.wikipedia.org/wiki/Eastern_Parkway%E2%80%93Brooklyn_Museum_(IRT_Eastern_Parkway_Line)
343,Nostrand Avenue (IRT Eastern Parkway Line),https://en.wikipedia.org/wiki/Nostrand_Avenue_(IRT_Eastern_Parkway_Line)
344,Kingston Avenue (IRT Eastern Parkway Line),https://en.wikipedia.org/wiki/Kingston_Avenue_(IRT_Eastern_Parkway_Line)
345,Crown Heights--Utica Avenue (IRT Eastern Parkway Line),https://en.wikipedia.org/wiki/Crown_Heights%E2%80%93Utica_Avenue_(IRT_Eastern_Parkway_Line)
346,Sutter Avenue--Rutland Road (IRT New Lots Line),https://en.wikipedia.org/wiki/Sutter_Avenue%E2%80%93Rutland_Road_(IRT_New_Lots_Line)
347,Saratoga Avenue (IRT New Lots Line),https://en.wikipedia.org/wiki/Saratoga_Avenue_(IRT_New_Lots_Line)
348,Rockaway Avenue (IRT New Lots Line),https://en.wikipedia.org/wiki/Rockaway_Avenue_(IRT_New_Lots_Line)
349,Junius Street (IRT New Lots Line),https://en.wikipedia.org/wiki/Junius_Street_(IRT_New_Lots_Line)
350,Pennsylvania Avenue (IRT New Lots Line),https://en.wikipedia.org/wiki/Pennsylvania_Avenue_(IRT_New_Lots_Line)
351,Van Siclen Avenue (IRT New Lots Line),https://en.wikipedia.org/wiki/Van_Siclen_Avenue_(IRT_New_Lots_Line)
352,New Lots Avenue (IRT New Lots Line),https://en.wikipedia.org/wiki/New_Lots_Avenue_(IRT_New_Lots_Line)
353,President Street (IRT Nostrand Avenue Line),https://en.wikipedia.org/wiki/President_Street_(IRT_Nostrand_Avenue_Line)
354,Sterling Street (IRT Nostrand Avenue Line),https://en.wikipedia.org/wiki/Sterling_Street_(IRT_Nostrand_Avenue_Line)
355,Winthrop Street (IRT Nostrand Avenue Line),https://en.wikipedia.org/wiki/Winthrop_Street_(IRT_Nostrand_Avenue_Line)
356,Church Avenue (IRT Nostrand Avenue Line),https://en.wikipedia.org/wiki/Church_Avenue_(IRT_Nostrand_Avenue_Line)
357,Beverly Road (IRT Nostrand Avenue Line),https://en.wikipedia.org/wiki/Beverly_Road_(IRT_Nostrand_Avenue_Line)
358,Newkirk Avenue (IRT Nostrand Avenue Line),https://en.wikipedia.org/wiki/Newkirk_Avenue_(IRT_Nostrand_Avenue_Line)
359,Flatbush Avenue--Brooklyn College (IRT Nostrand Avenue Line),https://en.wikipedia.org/wiki/Flatbush_Avenue%E2%80%93Brooklyn_College_(IRT_Nostrand_Avenue_Line)
360,Pelham Bay Park (IRT Pelham Line),https://en.wikipedia.org/wiki/Pelham_Bay_Park_(IRT_Pelham_Line)
361,Buhre Avenue (IRT Pelham Line),https://en.wikipedia.org/wiki/Buhre_Avenue_(IRT_Pelham_Line)
362,Middletown Road (IRT Pelham Line),https://en.wikipedia.org/wiki/Middletown_Road_(IRT_Pelham_Line)
363,Westchester Square--East Tremont Avenue (IRT Pelham Line),https://en.wikipedia.org/wiki/Westchester_Square%E2%80%93East_Tremont_Avenue_(IRT_Pelham_Line)
364,Zerega Avenue (IRT Pelham Line),https://en.wikipedia.org/wiki/Zerega_Avenue_(IRT_Pelham_Line)
365,Castle Hill Avenue (IRT Pelham Line),https://en.wikipedia.org/wiki/Castle_Hill_Avenue_(IRT_Pelham_Line)
366,Parkchester--East 177th Street (IRT Pelham Line),https://en.wikipedia.org/wiki/Parkchester_(IRT_Pelham_Line)
367,St. Lawrence Avenue (IRT Pelham Line),https://en.wikipedia.org/wiki/St._Lawrence_Avenue_(IRT_Pelham_Line)
368,Morrison Avenue--Soundview (IRT Pelham Line),https://en.wikipedia.org/wiki/Morrison_Avenue%E2%80%93Soundview_(IRT_Pelham_Line)
369,Elder Avenue (IRT Pelham Line),https://en.wikipedia.org/wiki/Elder_Avenue_(IRT_Pelham_Line)
370,Whitlock Avenue (IRT Pelham Line),https://en.wikipedia.org/wiki/Whitlock_Avenue_(IRT_Pelham_Line)
371,Hunts Point Avenue (IRT Pelham Line),https://en.wikipedia.org/wiki/Hunts_Point_Avenue_(IRT_Pelham_Line)
372,Longwood Avenue (IRT Pelham Line),https://en.wikipedia.org/wiki/Longwood_Avenue_(IRT_Pelham_Line)
373,East 149th Street (IRT Pelham Line),https://en.wikipedia.org/wiki/East_149th_Street_(IRT_Pelham_Line)
374,East 143rd Street--St. Mary's Street (IRT Pelham Line),https://en.wikipedia.org/wiki/East_143rd_Street%E2%80%93St._Mary%27s_Street_(IRT_Pelham_Line)
375,Cypress Avenue (IRT Pelham Line),https://en.wikipedia.org/wiki/Cypress_Avenue_(IRT_Pelham_Line)
376,Brook Avenue (IRT Pelham Line),https://en.wikipedia.org/wiki/Brook_Avenue_(IRT_Pelham_Line)
377,Third Avenue--138th Street (IRT Pelham Line),https://en.wikipedia.org/wiki/Third_Avenue%E2%80%93138th_Street_(IRT_Pelham_Line)
378,Woodlawn--Jerome Avenue (IRT Jerome Avenue Line),https://en.wikipedia.org/wiki/Woodlawn_(IRT_Jerome_Avenue_Line)
379,Mosholu Parkway (IRT Jerome Avenue Line),https://en.wikipedia.org/wiki/Mosholu_Parkway_(IRT_Jerome_Avenue_Line)
380,Bedford Park Boulevard--Lehman College (IRT Jerome Avenue Line),https://en.wikipedia.org/wiki/Bedford_Park_Boulevard%E2%80%93Lehman_College_(IRT_Jerome_Avenue_Line)
381,Kingsbridge Road (IRT Jerome Avenue Line),https://en.wikipedia.org/wiki/Kingsbridge_Road_(IRT_Jerome_Avenue_Line)
382,Fordham Road (IRT Jerome Avenue Line),https://en.wikipedia.org/wiki/Fordham_Road_(IRT_Jerome_Avenue_Line)
383,183rd Street (IRT Jerome Avenue Line),https://en.wikipedia.org/wiki/183rd_Street_(IRT_Jerome_Avenue_Line)
384,Burnside Avenue (IRT Jerome Avenue Line),https://en.wikipedia.org/wiki/Burnside_Avenue_(IRT_Jerome_Avenue_Line)
385,176th Street (IRT Jerome Avenue Line),https://en.wikipedia.org/wiki/176th_Street_(IRT_Jerome_Avenue_Line)
386,Mount Eden Avenue (IRT Jerome Avenue Line),https://en.wikipedia.org/wiki/Mount_Eden_Avenue_(IRT_Jerome_Avenue_Line)
387,170th Street (IRT Jerome Avenue Line),https://en.wikipedia.org/wiki/170th_Street_(IRT_Jerome_Avenue_Line)
388,167th Street (IRT Jerome Avenue Line),https://en.wikipedia.org/wiki/167th_Street_(IRT_Jerome_Avenue_Line)
391,138th Street--Grand Concourse (IRT Jerome Avenue Line),https://en.wikipedia.org/wiki/138th_Street%E2%80%93Grand_Concourse_(IRT_Jerome_Avenue_Line)
392,125th Street (IRT Lexington Avenue Line),https://en.wikipedia.org/wiki/125th_Street_(IRT_Lexington_Avenue_Line)
393,116th Street (IRT Lexington Avenue Line),https://en.wikipedia.org/wiki/116th_Street_(IRT_Lexington_Avenue_Line)
394,110th Street (IRT Lexington Avenue Line),https://en.wikipedia.org/wiki/110th_Street_(IRT_Lexington_Avenue_Line)
395,103rd Street (IRT Lexington Avenue Line),https://en.wikipedia.org/wiki/103rd_Street_(IRT_Lexington_Avenue_Line)
396,96th Street (IRT Lexington Avenue Line),https://en.wikipedia.org/wiki/96th_Street_(IRT_Lexington_Avenue_Line)
397,86th Street (IRT Lexington Avenue Line),https://en.wikipedia.org/wiki/86th_Street_(IRT_Lexington_Avenue_Line)
398,77th Street--Lenox Hill Hospital (IRT Lexington Avenue Line),https://en.wikipedia.org/wiki/77th_Street_(IRT_Lexington_Avenue_Line)
399,68th Street--Hunter College (IRT Lexington Avenue Line),https://en.wikipedia.org/wiki/68th_Street%E2%80%93Hunter_College_(IRT_Lexington_Avenue_Line)
403,33rd Street (IRT Lexington Avenue Line),https://en.wikipedia.org/wiki/33rd_Street_(IRT_Lexington_Avenue_Line)
404,28th Street (IRT Lexington Avenue Line),https://en.wikipedia.org/wiki/28th_Street_(IRT_Lexington_Avenue_Line)
405,23rd Street (IRT Lexington Avenue Line),https://en.wikipedia.org/wiki/23rd_Street_(IRT_Lexington_Avenue_Line)
407,Astor Place--Cooper Union (IRT Lexington Avenue Line),https://en.wikipedia.org/wiki/Astor_Place_(IRT_Lexington_Avenue_Line)
409,Spring Street (IRT Lexington Avenue Line),https://en.wikipedia.org/wiki/Spring_Street_(IRT_Lexington_Avenue_Line)
413,Wall Street (IRT Lexington Avenue Line),https://en.wikipedia.org/wiki/Wall_Street_(IRT_Lexington_Avenue_Line)
414,Bowling Green (IRT Lexington Avenue Line),https://en.wikipedia.org/wiki/Bowling_Green_(IRT_Lexington_Avenue_Line)
416,Wakefield--241st Street (IRT White Plains Road Line),https://en.wikipedia.org/wiki/Wakefield%E2%80%93241st_Street_(IRT_White_Plains_Road_Line)
417,Nereid Avenue--238th Street (IRT White Plains Road Line),https://en.wikipedia.org/wiki/Nereid_Avenue_(IRT_White_Plains_Road_Line)
418,233rd Street (IRT White Plains Road Line),https://en.wikipedia.org/wiki/233rd_Street_(IRT_White_Plains_Road_Line)
419,225th Street (IRT White Plains Road Line),https://en.wikipedia.org/wiki/225th_Street_(IRT_White_Plains_Road_Line)
420,219th Street (IRT White Plains Road Line),https://en.wikipedia.org/wiki/219th_Street_(IRT_White_Plains_Road_Line)
421,Gun Hill Road (IRT Dyre Avenue Line),https://en.wikipedia.org/wiki/Gun_Hill_Road_(IRT_Dyre_Avenue_Line)
422,Burke Avenue (IRT White Plains Road Line),https://en.wikipedia.org/wiki/Burke_Avenue_(IRT_White_Plains_Road_Line)
423,Allerton Avenue (IRT White Plains Road Line),https://en.wikipedia.org/wiki/Allerton_Avenue_(IRT_White_Plains_Road_Line)
424,Pelham Parkway (IRT White Plains Road Line),https://en.wikipedia.org/wiki/Pelham_Parkway_(IRT_White_Plains_Road_Line)
425,Bronx Park East (IRT White Plains Road Line),https://en.wikipedia.org/wiki/Bronx_Park_East_(IRT_White_Plains_Road_Line)
426,East 180th Street (IRT White Plains Road Line),https://en.wikipedia.org/wiki/East_180th_Street_(IRT_White_Plains_Road_Line)
427,West Farms Square--East Tremont Avenue (IRT White Plains Road Line),https://en.wikipedia.org/wiki/West_Farms_Square%E2%80%93East_Tremont_Avenue_(IRT_White_Plains_Road_Line)
428,174th Street (IRT White Plains Road Line),https://en.wikipedia.org/wiki/174th_Street_(IRT_White_Plains_Road_Line)
429,Freeman Street (IRT White Plains Road Line),https://en.wikipedia.org/wiki/Freeman_Street_(IRT_White_Plains_Road_Line)
430,Simpson Street (IRT White Plains Road Line),https://en.wikipedia.org/wiki/Simpson_Street_(IRT_White_Plains_Road_Line)
431,Intervale Avenue (IRT White Plains Road Line),https://en.wikipedia.org/wiki/Intervale_Avenue_(IRT_White_Plains_Road_Line)
432,Prospect Avenue (IRT White Plains Road Line),https://en.wikipedia.org/wiki/Prospect_Avenue_(IRT_White_Plains_Road_Line)
433,Jackson Avenue (IRT White Plains Road Line),https://en.wikipedia.org/wiki/Jackson_Avenue_(IRT_White_Plains_Road_Line)
434,Third Avenue--149th Street (IRT White Plains Road Line),https://en.wikipedia.org/wiki/Third_Avenue%E2%80%93149th_Street_(IRT_White_Plains_Road_Line)
436,Harlem--148th Street (IRT Lenox Avenue Line),https://en.wikipedia.org/wiki/Harlem%E2%80%93148th_Street_(IRT_Lenox_Avenue_Line)
437,145th Street (IRT Lenox Avenue Line),https://en.wikipedia.org/wiki/145th_Street_(IRT_Lenox_Avenue_Line)
438,135th Street (IRT Lenox Avenue Line),https://en.wikipedia.org/wiki/135th_Street_(IRT_Lenox_Avenue_Line)
439,125th Street (IRT Lenox Avenue Line),https://en.wikipedia.org/wiki/125th_Street_(IRT_Lenox_Avenue_Line)
440,116th Street (IRT Lenox Avenue Line),https://en.wikipedia.org/wiki/116th_Street_(IRT_Lenox_Avenue_Line)
441,Central Park North--110th Street (IRT Lenox Avenue Line),https://en.wikipedia.org/wiki/Central_Park_North%E2%80%93110th_Street_(IRT_Lenox_Avenue_Line)
442,Eastchester--Dyre Avenue (IRT Dyre Avenue Line),https://en.wikipedia.org/wiki/Eastchester%E2%80%93Dyre_Avenue_(IRT_Dyre_Avenue_Line)
443,Baychester Avenue (IRT Dyre Avenue Line),https://en.wikipedia.org/wiki/Baychester_Avenue_(IRT_Dyre_Avenue_Line)
444,Gun Hill Road (IRT White Plains Road Line),https://en.wikipedia.org/wiki/Gun_Hill_Road_(IRT_White_Plains_Road_Line)
445,Pelham Parkway (IRT Dyre Avenue Line),https://en.wikipedia.org/wiki/Pelham_Parkway_(IRT_Dyre_Avenue_Line)
446,Morris Park (IRT Dyre Avenue Line),https://en.wikipedia.org/wiki/Morris_Park_(IRT_Dyre_Avenue_Line)
447,Flushing--Main Street (IRT Flushing Line),https://en.wikipedia.org/wiki/Flushing%E2%80%93Main_Street_(IRT_Flushing_Line)
448,Mets--Willets Point (IRT Flushing Line),https://en.wikipedia.org/wiki/Mets%E2%80%93Willets_Point_(IRT_Flushing_Line)
449,111th Street (IRT Flushing Line),https://en.wikipedia.org/wiki/111th_Street_(IRT_Flushing_Line)
450,103rd Street--Corona Plaza (IRT Flushing Line),https://en.wikipedia.org/wiki/103rd_Street%E2%80%93Corona_Plaza_(IRT_Flushing_Line)
451,Junction Boulevard (IRT Flushing Line),https://en.wikipedia.org/wiki/Junction_Boulevard_(IRT_Flushing_Line)
452,90th Street--Elmhurst Avenue (IRT Flushing Line),https://en.wikipedia.org/wiki/90th_Street%E2%80%93Elmhurst_Avenue_(IRT_Flushing_Line)
453,82nd Street--Jackson Heights (IRT Flushing Line),https://en.wikipedia.org/wiki/82nd_Street%E2%80%93Jackson_Heights_(IRT_Flushing_Line)
455,69th Street--Fisk Avenue (IRT Flushing Line),https://en.wikipedia.org/wiki/69th_Street_(IRT_Flushing_Line)
456,61st Street--Woodside (IRT Flushing Line),https://en.wikipedia.org/wiki/61st_Street%E2%80%93Woodside_(IRT_Flushing_Line)
457,52nd Street--Lincoln Avenue (IRT Flushing Line),https://en.wikipedia.org/wiki/52nd_Street_(IRT_Flushing_Line)
458,46th Street--Bliss Street (IRT Flushing Line),https://en.wikipedia.org/wiki/46th_Street%E2%80%93Bliss_Street_(IRT_Flushing_Line)
459,40th Street--Lowery Street (IRT Flushing Line),https://en.wikipedia.org/wiki/40th_Street%E2%80%93Lowery_Street_(IRT_Flushing_Line)
460,33rd Street--Rawson Street (IRT Flushing Line),https://en.wikipedia.org/wiki/33rd_Street%E2%80%93Rawson_Street_(IRT_Flushing_Line)
461,Queensboro Plaza (BMT Astoria Line / IRT Flushing Line),https://en.wikipedia.org/wiki/Queensboro_Plaza_(New_York_City_Subway)
463,Hunters Point Avenue (IRT Flushing Line),https://en.wikipedia.org/wiki/Hunters_Point_Avenue_(IRT_Flushing_Line)
464,Vernon Boulevard--Jackson Avenue (IRT Flushing Line),https://en.wikipedia.org/wiki/Vernon_Boulevard%E2%80%93Jackson_Avenue_(IRT_Flushing_Line)
471,34th Street--Hudson Yards (IRT Flushing Line),https://en.wikipedia.org/wiki/34th_Street%E2%80%93Hudson_Yards_(IRT_Flushing_Line)
475,96th Street (IND Second Avenue Line),https://en.wikipedia.org/wiki/96th_Street_(Second_Avenue_Subway)
476,86th Street (IND Second Avenue Line),https://en.wikipedia.org/wiki/86th_Street_(Second_Avenue_Subway)
477,72nd Street (IND Second Avenue Line),https://en.wikipedia.org/wiki/72nd_Street_(Second_Avenue_Subway)
501,St George (Staten Island Railway),https://en.wikipedia.org/wiki/St._George_Terminal
502,Tompkinsville (Staten Island Railway),https://en.wikipedia.org/wiki/Tompkinsville_station
503,Stapleton (Staten Island Railway),https://en.wikipedia.org/wiki/Stapleton_station
504,Clifton (Staten Island Railway),https://en.wikipedia.org/wiki/Clifton_station_(Staten_Island_Railway)
505,Grasmere (Staten Island Railway),https://en.wikipedia.org/wiki/Grasmere_station
506,Old Town (Staten Island Railway),https://en.wikipedia.org/wiki/Old_Town_station_(Staten_Island_Railway)
507,Dongan Hills (Staten Island Railway),https://en.wikipedia.org/wiki/Dongan_Hills_station
508,Jefferson Av (Staten Island Railway),https://en.wikipedia.org/wiki/Jefferson_Avenue_station
509,Grant City (Staten Island Railway),https://en.wikipedia.org/wiki/Grant_City_station
510,New Dorp (Staten Island Railway),https://en.wikipedia.org/wiki/New_Dorp_station
511,Oakwood Heights (Staten Island Railway),https://en.wikipedia.org/wiki/Oakwood_Heights_station
512,Bay Terrace (Staten Island Railway),https://en.wikipedia.org/wiki/Bay_Terrace_station
513,Great Kills (Staten Island Railway),https://en.wikipedia.org/wiki/Great_Kills_station
514,Eltingville (Staten Island Railway),https://en.wikipedia.org/wiki/Eltingville_station
515,Annadale (Staten Island Railway),https://en.wikipedia.org/wiki/Annadale_station
516,Huguenot (Staten Island Railway),https://en.wikipedia.org/wiki/Huguenot_station
517,Prince's Bay (Staten Island Railway),https://en.wikipedia.org/wiki/Prince%27s_Bay_station
518,Pleasant Plains (Staten Island Railway),https://en.wikipedia.org/wiki/Pleasant_Plains_station
519,Richmond Valley (Staten Island Railway),https://en.wikipedia.org/wiki/Richmond_Valley_station
522,Tottenville (Staten Island Railway),https://en.wikipedia.org/wiki/Tottenville_station
523,Arthur Kill (Staten Island Railway),https://en.wikipedia.org/wiki/Arthur_Kill_station
601,14th Street/Sixth Avenue,https://en.wikipedia.org/wiki/14th_Street/Sixth_Avenue_(New_York_City_Subway)
602,14th Street--Union Square,https://en.wikipedia.org/wiki/14th_Street%E2%80%93Union_Square_(New_York_City_Subway)
603,149th Street--Grand Concourse,https://en.wikipedia.org/wiki/149th_Street%E2%80%93Grand_Concourse_(New_York_City_Subway)
604,161st Street--Yankee Stadium,https://en.wikipedia.org/wiki/161st_Street%E2%80%93Yankee_Stadium_(New_York_City_Subway)
605,Washington Heights--168th Street,https://en.wikipedia.org/wiki/168th_Street_(New_York_City_Subway)
606,Court Square--23rd Street,https://en.wikipedia.org/wiki/Court_Square%E2%80%9323rd_Street_(New_York_City_Subway)
607,34th Street--Herald Square,https://en.wikipedia.org/wiki/34th_Street%E2%80%93Herald_Square_(New_York_City_Subway)
608,Fourth Avenue/Ninth Street,https://en.wikipedia.org/wiki/Fourth_Avenue/Ninth_Street_(New_York_City_Subway)
609,42nd Street--Bryant Park/Fifth Avenue,https://en.wikipedia.org/wiki/42nd_Street%E2%80%93Bryant_Park/Fifth_Avenue_(New_York_City_Subway)
610,Grand Central--42nd Street,https://en.wikipedia.org/wiki/Grand_Central%E2%80%9342nd_Street_(New_York_City_Subway)
611,Times Square--42nd Street/Port Authority Bus Terminal,https://en.wikipedia.org/wiki/Times_Square%E2%80%9342nd_Street/Port_Authority_Bus_Terminal_(New_York_City_Subway)
612,Lexington Avenue/51st Street,https://en.wikipedia.org/wiki/Lexington_Avenue/51st_Street_(New_York_City_Subway)
613,Lexington Avenue/59th Street,https://en.wikipedia.org/wiki/Lexington_Avenue/59th_Street_(New_York_City_Subway)
614,59th Street--Columbus Circle,https://en.wikipedia.org/wiki/59th_Street%E2%80%93Columbus_Circle_(New_York_City_Subway)
615,New Utrecht Avenue/62nd Street,https://en.wikipedia.org/wiki/62nd_Street/New_Utrecht_Avenue_(New_York_City_Subway)
616,Jackson Heights--Roosevelt Avenue/74th Street--Broadway,https://en.wikipedia.org/wiki/Jackson_Heights%E2%80%93Roosevelt_Avenue/74th_Street_(New_York_City_Subway)
617,Atlantic Avenue--Barclays Center,https://en.wikipedia.org/wiki/Atlantic_Avenue%E2%80%93Barclays_Center_(New_York_City_Subway)
618,14th Street/Eighth Avenue,https://en.wikipedia.org/wiki/14th_Street/Eighth_Avenue_(New_York_City_Subway)
619,Broadway--Lafayette Street/Bleecker Street,https://en.wikipedia.org/wiki/Broadway%E2%80%93Lafayette_Street/Bleecker_Street_(New_York_City_Subway)
620,Borough Hall/Court Street,https://en.wikipedia.org/wiki/Borough_Hall/Court_Street_(New_York_City_Subway)
621,Broadway Junction,https://en.wikipedia.org/wiki/Broadway_Junction_(New_York_City_Subway)
622,Brooklyn Bridge--City Hall/Chambers Street,https://en.wikipedia.org/wiki/Brooklyn_Bridge%E2%80%93City_Hall/Chambers_Street_(New_York_City_Subway)
623,Canal Street (BMT Broadway Line / IRT Lexington Avenue Line / BMT Nassau Street Line),https://en.wikipedia.org/wiki/Canal_Street_(New_York_City_Subway)
624,Chambers Street--World Trade Center/Park Place,https://en.wikipedia.org/wiki/Chambers_Street%E2%80%93World_Trade_Center/Park_Place_(New_York_City_Subway)
625,Delancey Street/Essex Street,https://en.wikipedia.org/wiki/Delancey_Street/Essex_Street_(New_York_City_Subway)
626,Franklin Avenue/Botanic Garden,https://en.wikipedia.org/wiki/Franklin_Avenue/Botanic_Garden_(New_York_City_Subway)
627,Franklin Avenue--Fulton Street,https://en.wikipedia.org/wiki/Franklin_Avenue%E2%80%93Fulton_Street_(New_York_City_Subway)
628,Fulton Street (IND Eighth Avenue Line / IRT Broadway--Seventh Avenue Line / IRT Lexington Avenue Line / BMT Nassau Street Line),https://en.wikipedia.org/wiki/Fulton_Street_(New_York_City_Subway)
629,Lorimer Street/Metropolitan Avenue,https://en.wikipedia.org/wiki/Metropolitan_Avenue/Lorimer_Street_(New_York_City_Subway)
630,Myrtle--Wyckoff Avenues,https://en.wikipedia.org/wiki/Myrtle%E2%80%93Wyckoff_Avenues_(New_York_City_Subway)
635,South Ferry/Whitehall Street,https://en.wikipedia.org/wiki/South_Ferry/Whitehall_Street_(New_York_City_Subway)
636,Jay Street--MetroTech,https://en.wikipedia.org/wiki/Jay_Street%E2%80%93MetroTech_(New_York_City_Subway)
,14th Street station (PATH),https://en.wikipedia.org/wiki/14th_Street_station_(PATH)
,23rd Street station (PATH),https://en.wikipedia.org/wiki/23rd_Street_station_(PATH)
,33rd Street station (PATH),https://en.wikipedia.org/wiki/33rd_Street_station_(PATH)
,9th Street station (PATH),https://en.wikipedia.org/wiki/9th_Street_station_(PATH)
,Atlantic (Staten Island Railway),https://en.wikipedia.org/wiki/Atlantic_station_(Staten_Island_Railway)
,Christopher Street station (PATH),https://en.wikipedia.org/wiki/Christopher_Street_station_(PATH)
,Exchange Place station (PATH),https://en.wikipedia.org/wiki/Exchange_Place_station_(PATH)
,Grove Street station (PATH),https://en.wikipedia.org/wiki/Grove_Street_station_(PATH)
,Harrison station (PATH),https://en.wikipedia.org/wiki/Harrison_station_(PATH)
,Hoboken Terminal (PATH),https://en.wikipedia.org/wiki/Hoboken_Terminal
,Journal Square Transportation Center (PATH),https://en.wikipedia.org/wiki/Journal_Square_Transportation_Center
,Manhattan (Roosevelt Island Tramway),
,Nassau (Staten Island Railway),https://en.wikipedia.org/wiki/Nassau_station
,Newark Pennsylvania Station (PATH),https://en.wikipedia.org/wiki/Pennsylvania_Station_(Newark)
,Newport station (PATH),https://en.wikipedia.org/wiki/Newport_station_(PATH)
,Roosevelt Island (Roosevelt Island Tramway),
,World Trade Center station (PATH),https://en.wikipedia.org/wiki/World_Trade_Center_station_(PATH)
